AfflaAr01 ,2009,Arron,Afflalo,DEN,N,82,2230,724,59,193,252,138,46,30,74,225,585,272,98,72,249,108,NO
AjincAl01 ,2009,Alexis,Ajinca,CHR,N,6,30,10,1,3,4,0,1,1,2,5,10,5,1,0,0,0,NO
AldriLa01 ,2009,LaMarcus,Aldridge,POR,N,78,2922,1393,192,435,627,160,67,48,104,231,1169,579,304,230,16,5,NO
AlexaJo01 ,2009,Joe,Alexander,CHI,N,8,29,4,2,3,5,2,1,1,0,9,6,1,3,2,1,0,NO
AllenMa01 ,2009,Malik,Allen,DEN,N,51,456,105,36,46,82,16,11,5,22,68,116,46,13,12,6,1,NO
AllenRa02 ,2009,Ray,Allen,BOS,N,80,2819,1304,45,208,253,210,64,25,129,182,973,464,253,231,399,145,NO
AllenTo01 ,2009,Tony,Allen,BOS,N,54,889,330,52,93,145,72,59,19,66,109,253,129,119,72,5,0,NO
AlstoRa01 ,2009,Rafer,Alston,MIA,N,25,655,165,4,50,54,72,23,5,34,53,169,60,27,15,81,30,NO
AlstoRa01 ,2009,Rafer,Alston,NJN,N,27,766,262,9,66,75,104,27,5,61,50,277,95,54,44,87,28,NO
AlstoRa01 ,2009,Rafer,Alston,TOT,N,52,1421,427,13,116,129,176,50,10,95,103,446,155,81,59,168,58,NO
AmundLo01 ,2009,Louis,Amundson,PHO,N,79,1168,371,128,218,346,31,24,73,57,169,276,152,123,67,1,0,NO
AnderAn02 ,2009,Antonio,Anderson,OKC,N,1,15,2,1,0,1,0,0,0,1,1,3,1,0,0,0,0,NO
AnderCh01 ,2009,Chris,Andersen,DEN,N,76,1692,448,147,336,483,33,42,143,59,171,251,142,236,164,3,0,NO
AnderDa03 ,2009,David,Andersen,HOU,N,63,891,367,54,154,208,44,15,12,37,119,340,147,67,46,78,27,NO
AnderRy01 ,2009,Ryan,Anderson,ORL,N,63,910,487,70,132,202,37,25,14,56,81,388,169,82,71,211,78,NO
AnthoCa01 ,2009,Carmelo,Anthony,DEN,N,69,2634,1943,152,302,454,222,88,30,209,225,1502,688,612,508,187,59,YES
AnthoJo01 ,2009,Joel,Anthony,MIA,N,80,1322,218,123,126,249,12,20,109,45,158,159,76,92,66,0,0,NO
ArenaGi01 ,2009,Gilbert,Arenas,WAS,N,32,1169,722,17,116,133,230,41,9,117,95,616,253,207,153,181,63,NO
ArizaTr01 ,2009,Trevor,Ariza,HOU,N,72,2629,1072,78,325,403,276,126,40,161,162,999,394,228,148,407,136,NO
ArmstHi01 ,2009,Hilton,Armstrong,HOU,N,9,40,10,5,1,6,3,5,0,5,10,17,5,2,0,1,0,NO
ArmstHi01 ,2009,Hilton,Armstrong,NOH,N,18,239,51,17,44,61,16,8,8,13,44,50,19,28,13,0,0,NO
ArmstHi01 ,2009,Hilton,Armstrong,SAC,N,6,56,10,5,9,14,2,2,4,4,5,12,4,2,2,0,0,NO
ArmstHi01 ,2009,Hilton,Armstrong,TOT,N,33,335,71,27,54,81,21,15,12,22,59,79,28,32,15,1,0,NO
ArroyCa01 ,2009,Carlos,Arroyo,MIA,N,72,1585,439,26,104,130,225,36,6,54,102,375,178,90,76,25,7,NO
ArtesRo01 ,2009,Ron,Artest,LAL,N,77,2605,845,99,232,331,234,106,21,121,165,740,306,186,128,296,105,NO
ArthuDa01 ,2009,Darrell,Arthur,MEM,N,32,457,143,37,73,110,15,14,14,22,60,146,63,30,17,1,0,NO
AtkinCh01 ,2009,Chucky,Atkins,DET,N,40,644,161,5,24,29,91,17,0,32,53,157,57,27,25,73,22,NO
AugusDJ01 ,2009,D.J.,Augustin,CHR,N,80,1472,508,11,86,97,193,45,5,74,127,435,168,131,102,178,70,NO
AzubuKe01 ,2009,Kelenna,Azubuike,GSW,N,9,231,125,12,29,41,10,5,9,7,16,88,48,28,19,27,10,NO
BalkmRe01 ,2009,Renaldo,Balkman,DEN,N,13,91,14,4,19,23,7,8,2,6,16,18,6,6,2,7,0,NO
BanksMa01 ,2009,Marcus,Banks,TOR,N,22,244,109,3,20,23,26,12,2,20,30,73,39,29,24,24,7,NO
BarboLe01 ,2009,Leandro,Barbosa,PHO,N,44,786,418,11,58,69,64,23,12,46,71,365,155,73,64,136,44,NO
BareaJo01 ,2009,Jose,Barea,DAL,N,78,1546,596,17,129,146,258,35,6,102,119,527,232,90,76,157,56,NO
BargnAn01 ,2009,Andrea,Bargnani,TOR,N,80,2799,1376,105,388,493,93,25,111,120,215,1143,537,234,181,325,121,NO
BarneMa02 ,2009,Matt,Barnes,ORL,N,81,2097,716,106,339,445,134,59,30,112,185,557,271,146,108,207,66,NO
BarroEa01 ,2009,Earl,Barron,NYK,N,7,232,82,31,46,77,8,4,4,11,24,68,30,29,22,0,0,NO
BassBr01  ,2009,Brandon,Bass,ORL,N,50,648,290,54,73,127,19,12,27,31,69,233,119,63,52,0,0,NO
BattiSh01 ,2009,Shane,Battier,HOU,N,67,2168,534,74,238,312,164,53,76,64,139,447,178,106,77,279,101,NO
BattiTo01 ,2009,Tony,Battie,NJN,N,15,134,36,4,19,23,3,4,2,3,19,40,14,10,7,4,1,NO
BatumNi01 ,2009,Nicolas,Batum,POR,N,37,918,375,32,109,141,44,24,25,27,83,268,139,51,43,132,54,NO
BayleJe01 ,2009,Jerryd,Bayless,POR,N,74,1304,630,18,102,120,172,26,5,94,152,483,200,242,201,92,29,NO
BeaslMi01 ,2009,Michael,Beasley,MIA,N,78,2328,1156,123,375,498,100,80,49,131,221,1040,468,240,192,102,28,NO
BeaubRo01 ,2009,Rodrigue,Beaubois,DAL,N,56,700,397,12,66,78,74,29,12,54,84,299,155,52,42,110,45,NO
BelinMa01 ,2009,Marco,Belinelli,TOR,N,66,1121,469,14,81,95,89,42,5,60,80,379,154,121,101,158,60,NO
BellCh01  ,2009,Charlie,Bell,MIL,N,71,1611,459,31,101,132,104,39,12,54,136,443,169,67,48,200,73,NO
BellRa01  ,2009,Raja,Bell,GSW,N,1,23,11,0,2,2,3,0,0,0,2,6,4,0,0,3,3,NO
BellRa01  ,2009,Raja,Bell,CHR,N,5,157,60,5,16,21,10,4,2,5,13,55,24,3,3,24,9,NO
BellRa01  ,2009,Raja,Bell,TOT,N,6,180,71,5,18,23,13,4,2,5,15,61,28,3,3,27,12,NO
BendeJo01 ,2009,Jonathan,Bender,NYK,N,25,292,118,15,37,52,16,2,17,28,33,100,40,26,24,39,14,NO
BibbyMi01 ,2009,Mike,Bibby,ATL,N,80,2195,730,20,164,184,310,67,3,90,157,644,268,79,68,324,126,NO
BiedrAn01 ,2009,Andris,Biedrins,GSW,N,33,763,166,63,196,259,57,20,44,32,117,137,81,25,4,0,0,NO
BilluCh01 ,2009,Chauncey,Billups,DEN,N,73,2490,1427,25,203,228,409,82,9,177,153,962,402,512,466,407,157,YES
BlairDe01 ,2009,DeJuan,Blair,SAS,N,82,1494,638,200,326,526,65,50,39,112,224,495,275,161,88,2,0,NO
BlakeSt01 ,2009,Steve,Blake,POR,N,51,1397,388,15,103,118,203,37,2,65,84,355,143,32,24,207,78,NO
BlakeSt01 ,2009,Steve,Blake,LAC,N,29,762,198,6,63,69,177,21,4,63,39,167,74,16,12,87,38,NO
BlakeSt01 ,2009,Steve,Blake,TOT,N,80,2159,586,21,166,187,380,58,6,128,123,522,217,48,36,294,116,NO
BlatcAn01 ,2009,Andray,Blatche,WAS,N,81,2256,1143,158,351,509,170,85,71,182,218,999,478,234,174,44,13,NO
BoganKe01 ,2009,Keith,Bogans,SAS,N,79,1559,347,25,151,176,95,45,12,53,156,298,120,50,37,196,70,NO
BogutAn01 ,2009,Andrew,Bogut,MIL,N,69,2229,1095,208,493,701,127,39,175,131,222,910,473,237,149,2,0,NO
BonneMa01 ,2009,Matt,Bonner,SAS,N,65,1161,457,52,162,214,68,30,24,39,109,372,166,48,35,231,90,NO
BooneJo01 ,2009,Josh,Boone,NJN,N,63,1045,253,124,191,315,29,30,48,37,111,223,117,58,19,0,0,NO
BoozeCa01 ,2009,Carlos,Boozer,UTA,N,78,2673,1519,181,693,874,247,84,36,212,270,1098,617,384,285,0,0,NO
BoshCh01  ,2009,Chris,Bosh,TOR,N,70,2526,1678,205,554,759,166,43,68,169,170,1158,600,590,470,22,8,YES
BowenRy01 ,2009,Ryan,Bowen,OKC,N,1,8,4,1,1,2,0,1,0,0,2,1,1,2,2,0,0,NO
BoykiEa01 ,2009,Earl,Boykins,WAS,N,67,1117,440,17,58,75,171,24,3,69,48,403,172,89,77,60,19,NO
BrandEl01 ,2009,Elton,Brand,PHI,N,76,2297,996,179,282,461,109,82,80,131,232,858,412,233,172,1,0,NO
BreweCo01 ,2009,Corey,Brewer,MIN,N,82,2482,1066,70,209,279,193,117,29,164,224,949,409,256,166,237,82,NO
BreweRo02 ,2009,Ronnie,Brewer,MEM,N,5,80,10,1,6,7,3,6,0,2,0,13,3,5,4,0,0,NO
BreweRo02 ,2009,Ronnie,Brewer,TOT,N,58,1742,511,45,142,187,154,91,15,53,80,429,209,133,85,31,8,NO
BreweRo02 ,2009,Ronnie,Brewer,UTA,N,53,1662,501,44,136,180,151,85,15,51,80,416,206,128,81,31,8,NO
BrezePr01 ,2009,Primoz,Brezec,TOT,N,21,95,19,12,13,25,1,1,3,2,19,26,9,6,1,0,0,NO
BrezePr01 ,2009,Primoz,Brezec,MIL,N,14,59,14,6,7,13,1,0,2,2,10,13,7,4,0,0,0,NO
BrezePr01 ,2009,Primoz,Brezec,PHI,N,7,36,5,6,6,12,0,1,1,0,9,13,2,2,1,0,0,NO
BrockJo01 ,2009,Jon,Brockman,SAC,N,52,654,147,105,108,213,22,15,5,23,115,103,55,62,37,0,0,NO
BrookAa01 ,2009,Aaron,Brooks,HOU,N,82,2919,1604,54,161,215,434,69,14,232,199,1331,575,298,245,525,209,NO
BrownBo02 ,2009,Bobby,Brown,LAC,N,23,191,70,8,12,20,42,6,0,22,14,85,28,7,5,32,9,NO
BrownBo02 ,2009,Bobby,Brown,NOH,N,22,328,145,1,17,18,46,9,1,24,28,152,60,8,8,66,17,NO
BrownBo02 ,2009,Bobby,Brown,TOT,N,45,519,215,9,29,38,88,15,1,46,42,237,88,15,13,98,26,NO
BrownDe02 ,2009,Devin,Brown,TOT,N,50,1060,399,29,95,124,65,33,6,62,72,361,136,86,69,164,58,NO
BrownDe02 ,2009,Devin,Brown,NOH,N,39,967,379,27,82,109,58,30,5,57,62,325,128,86,69,147,54,NO
BrownDe02 ,2009,Devin,Brown,CHI,N,11,93,20,2,13,15,7,3,1,5,10,36,8,0,0,17,4,NO
BrownDe04 ,2009,Derrick,Brown,CHR,N,57,535,186,31,47,78,19,21,10,19,53,147,68,72,48,7,2,NO
BrownKw01 ,2009,Kwame,Brown,DET,N,48,660,157,53,124,177,22,15,12,43,93,124,62,98,33,1,0,NO
BrownSh01 ,2009,Shannon,Brown,LAL,N,82,1700,667,30,153,183,108,57,31,67,129,592,253,121,99,189,62,NO
BryanKo01 ,2009,Kobe,Bryant,LAL,N,73,2835,1970,78,313,391,365,113,20,233,187,1569,716,541,439,301,99,NO
BudinCh01 ,2009,Chase,Budinger,HOU,N,74,1488,657,38,182,220,88,34,11,48,85,565,249,87,67,249,92,NO
ButleCa01 ,2009,Caron,Butler,DAL,N,27,930,410,36,109,145,49,48,9,47,67,357,157,104,79,50,17,NO
ButleCa01 ,2009,Caron,Butler,TOT,N,74,2783,1206,104,357,461,156,116,24,160,193,1051,450,315,264,145,42,NO
ButleCa01 ,2009,Caron,Butler,WAS,N,47,1853,796,68,248,316,107,68,15,113,126,694,293,211,185,95,25,NO
ButleRa01 ,2009,Rasual,Butler,LAC,N,82,2702,979,39,201,240,116,36,68,79,121,870,356,145,122,432,145,NO
BynumAn01 ,2009,Andrew,Bynum,LAL,N,65,1977,977,177,364,541,68,35,94,115,193,688,392,261,193,1,0,NO
BynumWi01 ,2009,Will,Bynum,DET,N,63,1667,628,24,118,142,283,55,7,115,143,534,237,178,142,55,12,NO
CaldeJo01 ,2009,Jose,Calderon,TOR,N,68,1817,699,23,119,142,404,47,7,99,135,568,274,104,83,171,68,NO
CambyMa01 ,2009,Marcus,Camby,POR,N,23,718,162,83,172,255,35,26,47,27,56,145,72,31,18,1,0,NO
CambyMa01 ,2009,Marcus,Camby,LAC,N,51,1596,394,166,450,616,151,69,99,64,105,356,166,91,60,6,2,NO
CambyMa01 ,2009,Marcus,Camby,TOT,N,74,2314,556,249,622,871,186,95,146,91,161,501,238,122,78,7,2,NO
CardiBr01 ,2009,Brian,Cardinal,MIN,N,29,267,48,7,22,29,24,9,3,7,56,36,14,18,17,9,3,NO
CarneRo01 ,2009,Rodney,Carney,PHI,N,68,857,319,26,111,137,37,25,20,21,79,282,113,63,52,135,41,NO
CarroDe01 ,2009,DeMarre,Carroll,MEM,N,71,795,209,53,97,150,33,28,9,24,107,222,88,53,33,6,0,NO
CarroMa01 ,2009,Matt,Carroll,DAL,N,25,121,46,4,8,12,6,5,0,7,13,50,18,6,6,19,4,NO
CarteAn01 ,2009,Anthony,Carter,DEN,N,54,859,180,17,72,89,160,39,13,58,72,181,76,13,11,63,17,NO
CarteVi01 ,2009,Vince,Carter,ORL,N,75,2310,1244,33,260,293,236,53,18,106,189,1015,434,306,257,324,119,NO
CasspOm01 ,2009,Omri,Casspi,SAC,N,77,1931,792,75,274,349,95,54,17,98,125,672,300,174,117,203,75,NO
ChalmMa01 ,2009,Mario,Chalmers,MIA,N,73,1807,521,25,110,135,246,91,12,123,175,454,182,110,82,236,75,NO
ChandTy01 ,2009,Tyson,Chandler,CHR,N,51,1163,333,114,206,320,16,17,55,91,138,190,109,157,115,0,0,NO
ChandWi01 ,2009,Wilson,Chandler,NYK,N,65,2320,993,93,255,348,138,46,49,108,184,860,412,160,129,150,40,NO
ClarkEa01 ,2009,Earl,Clark,PHO,N,51,383,140,18,44,62,21,7,13,23,25,151,56,36,26,5,2,NO
ColliDa01 ,2009,Darren,Collison,NOH,N,76,2109,946,41,151,192,432,78,4,202,92,789,376,174,148,115,46,NO
ColliJa03 ,2009,Jason,Collins,ATL,N,24,115,16,5,9,14,4,3,2,5,21,23,8,2,0,1,0,NO
ColliJa04 ,2009,Jarron,Collins,PHO,N,34,260,34,22,40,62,6,2,3,10,42,31,12,25,10,0,0,NO
ColliMa01 ,2009,Mardy,Collins,LAC,N,43,470,111,13,37,50,44,23,1,32,45,128,47,21,13,17,4,NO
ColliNi01 ,2009,Nick,Collison,OKC,N,75,1557,439,152,232,384,38,37,48,63,230,309,182,107,74,4,1,NO
ConleMi01 ,2009,Mike,Conley,MEM,N,80,2569,959,30,161,191,425,109,12,170,178,830,369,187,139,212,82,NO
ConroWi01 ,2009,Will,Conroy,HOU,N,5,36,6,0,3,3,7,0,0,4,5,10,3,2,0,3,0,NO
CookBr01  ,2009,Brian,Cook,HOU,N,15,44,21,1,8,9,1,0,2,6,5,23,7,7,5,9,2,NO
CookDa02  ,2009,Daequan,Cook,MIA,N,45,691,223,9,73,82,43,14,10,24,50,253,81,25,21,126,40,NO
CrawfJa01 ,2009,Jamal,Crawford,ATL,N,79,2460,1425,34,167,201,238,61,12,137,132,1105,496,315,270,427,163,NO
CunniDa01 ,2009,Dante,Cunningham,POR,N,63,707,243,54,106,160,14,24,22,15,97,214,106,48,31,2,0,NO
CurryEd01 ,2009,Eddy,Curry,NYK,N,7,62,26,4,9,13,0,0,1,13,13,21,8,17,10,0,0,NO
CurryJa01 ,2009,JamesOn,Curry,LAC,N,1,0,0,0,0,0,0,0,0,0,0,0,0,0,0,0,0,NO
CurrySt01 ,2009,Stephen,Curry,GSW,N,80,2896,1399,48,308,356,472,152,19,244,252,1143,528,200,177,380,166,NO
DalemSa01 ,2009,Samuel,Dalembert,PHI,N,82,2124,667,239,545,784,64,42,151,123,252,523,285,133,97,0,0,NO
DampiEr01 ,2009,Erick,Dampier,DAL,N,55,1280,328,128,272,400,31,15,77,61,153,213,133,101,61,3,1,NO
DanieMa01 ,2009,Marquis,Daniels,BOS,N,51,937,288,27,68,95,66,27,6,42,91,249,124,56,34,28,6,NO
DavisBa01 ,2009,Baron,Davis,LAC,N,75,2523,1145,52,214,266,598,126,43,211,210,1015,412,291,239,296,82,NO
DavisGl01 ,2009,Glen,Davis,BOS,N,54,933,340,101,104,205,35,21,14,53,132,279,122,138,96,4,0,NO
DavisPa01 ,2009,Paul,Davis,WAS,N,2,8,5,0,0,0,3,0,1,0,0,4,2,2,1,0,0,NO
DavisRi01 ,2009,Ricky,Davis,LAC,N,36,499,158,10,47,57,39,11,3,29,39,143,62,31,18,42,16,NO
DayeAu01  ,2009,Austin,Daye,DET,N,69,915,349,34,140,174,34,25,26,48,114,295,137,56,46,95,29,NO
DelfiCa01 ,2009,Carlos,Delfino,MIL,N,75,2279,825,51,343,394,202,80,21,119,138,732,299,119,93,365,134,NO
DengLu01  ,2009,Luol,Deng,CHI,N,70,2651,1230,131,381,512,143,66,61,134,129,1014,473,330,252,83,32,NO
DeRozDe01 ,2009,DeMar,DeRozan,TOR,N,77,1664,662,66,157,223,53,43,18,62,176,512,255,194,148,16,4,NO
DiawaYa01 ,2009,Yakhouba,Diawara,MIA,N,6,44,5,1,3,4,3,1,0,3,8,10,2,0,0,6,1,NO
DiawBo01  ,2009,Boris,Diaw,CHR,N,82,2906,925,131,293,424,325,60,57,178,219,773,373,147,113,206,66,NO
DieneTr01 ,2009,Travis,Diener,POR,N,5,26,3,0,1,1,4,1,0,0,1,4,1,2,1,2,0,NO
DieneTr01 ,2009,Travis,Diener,IND,N,4,25,3,0,2,2,4,3,0,0,1,6,1,2,0,5,1,NO
DieneTr01 ,2009,Travis,Diener,TOT,N,9,51,6,0,3,3,8,4,0,0,2,10,2,4,1,7,1,NO
DiopDe01  ,2009,DeSagana,Diop,CHR,N,27,262,32,24,41,65,5,5,14,12,31,29,15,9,2,0,0,NO
DooliKe01 ,2009,Keyon,Dooling,NJN,N,53,971,364,8,46,54,135,34,0,59,82,324,129,61,47,157,59,NO
DorseJo01 ,2009,Joey,Dorsey,HOU,N,7,54,11,11,14,25,2,2,1,4,12,11,5,2,1,0,0,NO
DorseJo01 ,2009,Joey,Dorsey,SAC,N,8,52,12,5,13,18,0,1,1,2,9,9,4,10,4,0,0,NO
DorseJo01 ,2009,Joey,Dorsey,TOT,N,15,106,23,16,27,43,2,3,2,6,21,20,9,12,5,0,0,NO
DouglCh01 ,2009,Chris,Douglas-Roberts,NJN,N,67,1730,657,45,153,198,93,55,19,97,101,573,255,157,133,54,14,NO
DouglTo01 ,2009,Toney,Douglas,NYK,N,56,1087,481,40,68,108,112,42,3,55,116,391,179,68,55,175,68,NO
DragiGo01 ,2009,Goran,Dragic,PHO,N,80,1442,635,38,133,171,241,48,8,126,131,491,222,159,117,188,74,NO
DudleJa01 ,2009,Jared,Dudley,PHO,N,82,1991,674,99,182,281,115,81,16,68,162,490,225,138,104,262,120,NO
DuhonCh01 ,2009,Chris,Duhon,NYK,N,67,2072,494,28,150,178,378,59,3,110,83,451,168,95,68,258,90,NO
DuncaTi01 ,2009,Tim,Duncan,SAS,N,78,2438,1395,221,567,788,246,45,117,140,152,1082,561,374,271,11,2,YES
DunleMi02 ,2009,Mike,Dunleavy,IND,N,67,1486,666,25,211,236,103,38,15,72,105,558,229,158,133,236,75,NO
DuranKe01 ,2009,Kevin,Durant,OKC,N,82,3239,2472,105,518,623,231,112,84,271,171,1668,794,840,756,351,128,YES
EllinWa01 ,2009,Wayne,Ellington,MIN,N,76,1384,505,33,126,159,74,20,5,74,72,448,190,70,61,162,64,NO
EllisMo01 ,2009,Monta,Ellis,GSW,N,64,2647,1631,47,210,257,340,143,25,243,189,1406,631,388,292,228,77,NO
ElsonFr01 ,2009,Francisco,Elson,MIL,N,11,62,10,5,8,13,2,1,0,1,7,13,4,2,2,0,0,NO
ElsonFr01 ,2009,Francisco,Elson,PHI,N,1,4,2,1,0,1,0,0,0,0,0,2,1,3,0,0,0,NO
ElsonFr01 ,2009,Francisco,Elson,TOT,N,12,66,12,6,8,14,2,1,0,1,7,15,5,5,2,0,0,NO
EvansMa01 ,2009,Maurice,Evans,ATL,N,79,1317,453,59,95,154,48,34,17,20,125,393,175,61,46,169,57,NO
EvansRe01 ,2009,Reggie,Evans,TOR,N,28,311,95,30,75,105,8,14,4,22,44,69,34,60,27,0,0,NO
EvansTy01 ,2009,Tyreke,Evans,SAC,N,72,2677,1450,66,314,380,414,109,26,216,204,1165,533,465,348,141,36,NO
FarmaJo01 ,2009,Jordan,Farmar,LAL,N,82,1474,591,14,117,131,127,52,11,72,109,515,224,85,57,229,86,NO
FeltoRa01 ,2009,Raymond,Felton,CHR,N,80,2643,968,53,235,288,446,123,22,168,172,846,388,173,132,156,60,NO
FernaRu01 ,2009,Rudy,Fernandez,POR,N,62,1441,503,35,129,164,127,62,11,72,87,423,160,98,85,266,98,NO
FesenKy01 ,2009,Kyrylo,Fesenko,UTA,N,49,408,128,33,57,90,15,6,19,24,78,95,52,57,24,1,0,NO
FinleMi01 ,2009,Michael,Finley,SAS,N,25,395,93,5,33,38,19,6,4,13,12,97,37,9,6,41,13,NO
FinleMi01 ,2009,Michael,Finley,BOS,N,21,314,109,1,32,33,24,4,2,8,21,87,44,6,2,41,19,NO
FinleMi01 ,2009,Michael,Finley,TOT,N,46,709,202,6,65,71,43,10,6,21,33,184,81,15,8,82,32,NO
FisheDe01 ,2009,Derek,Fisher,LAL,N,82,2227,615,25,145,170,201,90,9,78,202,558,212,132,113,224,78,NO
FlynnJo01 ,2009,Jonny,Flynn,MIN,N,81,2339,1094,24,167,191,356,82,2,233,98,952,397,270,223,215,77,NO
FordTJ01  ,2009,T.J.,Ford,IND,N,47,1189,484,41,108,149,180,44,11,90,102,418,186,135,104,50,8,NO
FosteJe01 ,2009,Jeff,Foster,IND,N,16,255,49,34,47,81,21,3,4,14,45,46,22,9,5,1,0,NO
FoyeRa01  ,2009,Randy,Foye,WAS,N,70,1667,704,16,114,130,228,33,10,94,123,619,256,145,129,182,63,NO
FryeCh01  ,2009,Channing,Frye,PHO,N,81,2190,904,66,361,427,113,64,74,73,263,703,317,121,98,392,172,NO
GadzuDa01 ,2009,Dan,Gadzuric,MIL,N,32,314,88,38,54,92,12,9,13,15,63,89,39,25,10,0,0,NO
GaineSu01 ,2009,Sundiata,Gaines,UTA,N,32,217,106,6,23,29,39,12,0,14,17,82,38,46,23,26,7,NO
GalliDa01 ,2009,Danilo,Gallinari,NYK,N,81,2747,1221,65,333,398,135,75,58,110,191,927,392,307,251,488,186,NO
GarciFr01 ,2009,Francisco,Garcia,SAC,N,25,575,202,11,55,66,45,10,19,21,49,176,82,17,15,59,23,NO
GarneKe01 ,2009,Kevin,Garnett,BOS,N,69,2060,990,78,428,506,185,68,57,101,170,772,402,221,185,5,1,YES
GasolMa01 ,2009,Marc,Gasol,MEM,N,69,2469,1008,208,432,640,165,69,109,135,254,651,378,376,252,1,0,NO
GasolPa01 ,2009,Pau,Gasol,LAL,N,65,2403,1190,243,491,734,218,37,113,143,152,844,452,362,286,5,0,YES
GayRu01   ,2009,Rudy,Gay,MEM,N,80,3175,1567,115,357,472,153,118,64,169,201,1288,600,400,301,202,66,NO
GeeAl01   ,2009,Alonzo,Gee,WAS,N,11,182,81,15,18,33,7,7,1,10,13,59,28,29,18,9,7,NO
GeorgDe01 ,2009,Devean,George,GSW,N,45,761,242,21,93,114,32,41,10,15,89,206,89,23,16,123,48,NO
GibsoDa01 ,2009,Daniel,Gibson,CLE,N,56,1068,355,13,60,73,70,25,7,36,79,268,125,49,34,149,71,NO
GibsoTa01 ,2009,Taj,Gibson,CHI,N,82,2204,735,226,385,611,70,50,104,114,282,629,311,175,113,0,0,NO
GiddeJR01 ,2009,J.R.,Giddens,BOS,N,21,99,24,4,16,20,6,4,1,7,10,21,9,12,6,2,0,NO
GiddeJR01 ,2009,J.R.,Giddens,NYK,N,11,140,45,12,19,31,7,5,1,10,19,39,19,11,7,8,0,NO
GiddeJR01 ,2009,J.R.,Giddens,TOT,N,32,239,69,16,35,51,13,9,2,17,29,60,28,23,13,10,0,NO
GildeTr01 ,2009,Trey,Gilder,MEM,N,2,5,2,0,1,1,0,1,0,0,0,1,1,0,0,0,0,NO
GinobEm01 ,2009,Manu,Ginobili,SAS,N,75,2150,1237,68,216,284,370,103,24,154,154,903,398,355,309,350,132,NO
GomesRy01 ,2009,Ryan,Gomes,MIN,N,76,2210,832,76,272,348,124,62,16,95,155,732,327,126,104,199,74,NO
GoodeDr01 ,2009,Drew,Gooden,LAC,N,24,725,355,84,142,226,21,15,8,52,65,266,131,101,93,2,0,NO
GoodeDr01 ,2009,Drew,Gooden,DAL,N,46,1030,408,123,193,316,26,26,50,56,129,336,157,115,93,6,1,NO
GoodeDr01 ,2009,Drew,Gooden,TOT,N,70,1755,763,207,335,542,47,41,58,108,194,602,288,216,186,8,1,NO
GordoBe01 ,2009,Ben,Gordon,DET,N,62,1730,855,26,93,119,166,49,6,118,147,699,291,230,198,234,75,NO
GordoEr01 ,2009,Eric,Gordon,LAC,N,62,2229,1045,25,135,160,186,69,14,144,96,784,352,299,222,321,119,NO
GortaMa01 ,2009,Marcin,Gortat,ORL,N,81,1088,293,104,237,341,17,17,70,46,138,227,121,75,51,3,0,NO
GrahaJo01 ,2009,Joey,Graham,DEN,N,63,759,266,39,84,123,22,23,7,43,104,202,105,73,54,13,2,NO
GrahaSt01 ,2009,Stephen,Graham,CHR,N,70,804,296,24,111,135,23,20,10,36,94,240,119,65,42,50,16,NO
GrangDa01 ,2009,Danny,Granger,IND,N,62,2278,1497,67,275,342,171,94,51,157,183,1139,488,428,363,438,158,NO
GrayAa01  ,2009,Aaron,Gray,NOH,N,24,261,86,40,50,90,20,9,11,17,44,61,34,21,18,0,0,NO
GrayAa01  ,2009,Aaron,Gray,CHI,N,8,50,18,5,11,16,2,0,0,1,10,21,8,7,2,0,0,NO
GrayAa01  ,2009,Aaron,Gray,TOT,N,32,311,104,45,61,106,22,9,11,18,54,82,42,28,20,0,0,NO
GreenDa02 ,2009,Danny,Green,CLE,N,20,115,40,8,9,17,5,6,3,5,9,39,15,6,4,22,6,NO
GreenDo01 ,2009,Donte,Greene,SAC,N,76,1630,647,53,181,234,71,41,53,93,150,553,244,140,90,183,69,NO
GreenJe02 ,2009,Jeff,Green,OKC,N,82,3043,1239,112,378,490,134,104,72,135,221,1070,485,223,165,312,104,NO
GreenWi01 ,2009,Willie,Green,PHI,N,73,1553,638,20,109,129,152,32,11,67,135,543,248,114,95,136,47,NO
GriffTa01 ,2009,Taylor,Griffin,PHO,N,8,32,10,0,2,2,1,0,2,1,4,10,4,4,2,2,0,NO
HaddaHa01 ,2009,Hamed,Haddadi,MEM,N,36,240,62,26,49,75,10,1,14,20,57,62,24,19,14,3,0,NO
HairsMa01 ,2009,Malik,Hairston,SAS,N,47,317,99,13,36,49,16,4,9,11,29,76,40,30,17,11,2,NO
HaislMa01 ,2009,Marcus,Haislip,SAS,N,10,44,25,4,6,10,0,0,2,3,5,21,10,5,2,5,3,NO
HamilRi01 ,2009,Richard,Hamilton,DET,N,46,1552,831,30,92,122,202,30,3,115,115,717,293,241,204,138,41,NO
HansbTy01 ,2009,Tyler,Hansbrough,IND,N,29,511,246,60,78,138,28,17,8,21,70,225,81,113,84,4,0,NO
HardeJa01 ,2009,James,Harden,OKC,N,76,1738,753,47,197,244,137,80,20,106,200,578,233,240,194,248,93,NO
HarriAl01 ,2009,Al,Harrington,NYK,N,72,2195,1276,88,317,405,110,62,26,132,209,1030,448,317,240,409,140,NO
HarriDe01 ,2009,Devin,Harris,NJN,N,64,2221,1080,24,179,203,423,79,18,181,178,884,356,386,308,217,60,NO
HarriMi01 ,2009,Mike,Harris,HOU,N,8,82,25,9,11,20,3,4,1,9,10,27,10,9,5,1,0,NO
HarriMi01 ,2009,Mike,Harris,TOT,N,13,96,29,10,14,24,3,5,1,9,14,30,11,11,7,1,0,NO
HarriMi01 ,2009,Mike,Harris,WAS,N,5,14,4,1,3,4,0,1,0,0,4,3,1,2,2,0,0,NO
HartJa01  ,2009,Jason,Hart,TOT,N,5,22,2,0,2,2,6,2,1,3,4,2,1,0,0,0,0,NO
HartJa01  ,2009,Jason,Hart,NOH,N,4,17,2,0,2,2,5,1,1,3,4,1,1,0,0,0,0,NO
HartJa01  ,2009,Jason,Hart,MIN,N,1,5,0,0,0,0,1,1,0,0,0,1,0,0,0,0,0,NO
HasleUd01 ,2009,Udonis,Haslem,MIA,N,78,2177,771,167,462,629,52,30,23,75,174,632,312,193,147,0,0,NO
HasseTr01 ,2009,Trenton,Hassell,NJN,N,52,1106,232,56,96,152,50,17,9,47,91,219,90,69,52,5,0,NO
HawesSp01 ,2009,Spencer,Hawes,SAC,N,72,1904,723,145,291,436,158,32,83,131,200,666,312,106,73,87,26,NO
HayesCh01 ,2009,Chuck,Hayes,HOU,N,82,1773,358,151,314,465,139,73,43,74,219,329,161,66,36,0,0,NO
HayesJa01 ,2009,Jarvis,Hayes,NJN,N,45,1032,350,9,99,108,40,29,9,28,91,328,138,18,14,179,60,NO
HaywoBr01 ,2009,Brendan,Haywood,DAL,N,28,741,226,78,130,208,25,8,57,32,64,156,88,87,50,1,0,NO
HaywoBr01 ,2009,Brendan,Haywood,TOT,N,77,2355,704,278,437,715,43,26,158,99,209,491,276,245,152,1,0,NO
HaywoBr01 ,2009,Brendan,Haywood,WAS,N,49,1614,478,200,307,507,18,18,101,67,145,335,188,158,102,0,0,NO
HeadLu01  ,2009,Luther,Head,IND,N,47,813,357,6,74,80,72,18,9,54,53,311,136,58,48,105,37,NO
HendeGe02 ,2009,Gerald,Henderson,CHR,N,43,355,113,15,40,55,13,10,9,14,25,104,37,47,35,19,4,NO
HibbeRo01 ,2009,Roy,Hibbert,IND,N,81,2035,946,177,287,464,158,30,131,145,285,782,387,224,169,6,3,NO
HicksJJ01 ,2009,J.J.,Hickson,CLE,N,81,1691,689,110,290,400,40,36,39,92,132,522,289,163,111,1,0,NO
HilarNe01 ,2009,Nene,Hilario,DEN,N,82,2755,1135,166,461,627,203,115,82,125,281,717,421,416,293,2,0,NO
HillGe01  ,2009,George,Hill,SAS,N,78,2276,964,42,163,205,226,69,26,101,222,738,353,237,183,188,75,NO
HillGr01  ,2009,Grant,Hill,PHO,N,81,2430,912,74,371,445,193,60,36,108,165,703,336,251,205,80,35,NO
HillJo01  ,2009,Jordan,Hill,NYK,N,24,252,97,32,29,61,7,10,9,12,37,92,41,21,15,2,0,NO
HillJo01  ,2009,Jordan,Hill,HOU,N,23,372,147,44,70,114,13,4,12,18,55,109,58,47,31,0,0,NO
HillJo01  ,2009,Jordan,Hill,TOT,N,47,624,244,76,99,175,20,14,21,30,92,201,99,68,46,2,0,NO
HinriKi01 ,2009,Kirk,Hinrich,CHI,N,74,2481,805,24,236,260,330,85,24,113,204,753,308,113,85,280,104,NO
HolidJr01 ,2009,Jrue,Holiday,PHI,N,73,1767,587,56,135,191,280,79,18,156,153,520,230,86,65,159,62,NO
HolliRy01 ,2009,Ryan,Hollins,MIN,N,73,1223,447,79,128,207,51,19,38,95,199,303,169,158,109,1,0,NO
HorfoAl01 ,2009,Al,Horford,ATL,N,81,2845,1148,236,563,799,189,59,91,122,225,847,467,270,213,1,1,YES
HouseEd01 ,2009,Eddie,House,BOS,N,50,846,358,7,62,69,48,28,7,27,61,322,129,40,36,167,64,NO
HouseEd01 ,2009,Eddie,House,NYK,N,18,371,115,6,34,40,37,12,0,20,20,133,44,12,12,60,15,NO
HouseEd01 ,2009,Eddie,House,TOT,N,68,1217,473,13,96,109,85,40,7,47,81,455,173,52,48,227,79,NO
HowarDw01 ,2009,Dwight,Howard,ORL,N,82,2843,1503,284,798,1082,144,75,228,274,287,834,510,816,483,7,0,YES
HowarJo01 ,2009,Josh,Howard,DAL,N,31,827,388,26,86,112,44,23,9,43,78,342,137,119,94,75,20,NO
HowarJo01 ,2009,Josh,Howard,TOT,N,35,918,446,30,95,125,48,26,11,46,91,388,157,139,109,86,23,NO
HowarJo01 ,2009,Josh,Howard,WAS,N,4,91,58,4,9,13,4,3,2,3,13,46,20,20,15,11,3,NO
HowarJu01 ,2009,Juwan,Howard,POR,N,73,1632,437,108,227,335,61,27,10,72,191,375,191,70,55,1,0,NO
HudsoLe01 ,2009,Lester,Hudson,MEM,N,9,61,36,4,6,10,5,5,1,5,5,35,14,7,6,11,2,NO
HudsoLe01 ,2009,Lester,Hudson,BOS,N,16,70,22,3,5,8,8,3,2,9,7,18,7,6,5,5,3,NO
HudsoLe01 ,2009,Lester,Hudson,TOT,N,25,131,58,7,11,18,13,8,3,14,12,53,21,13,11,16,5,NO
HugheLa01 ,2009,Larry,Hughes,TOT,N,45,1115,411,23,119,142,137,52,15,75,70,386,137,113,94,139,43,NO
HugheLa01 ,2009,Larry,Hughes,CHR,N,14,295,114,7,25,32,28,12,4,19,17,107,35,34,29,42,15,NO
HugheLa01 ,2009,Larry,Hughes,NYK,N,31,820,297,16,94,110,109,40,11,56,53,279,102,79,65,97,28,NO
HumphKr01 ,2009,Kris,Humphries,NJN,N,44,906,356,82,201,283,25,29,37,53,102,293,127,146,102,1,0,NO
HumphKr01 ,2009,Kris,Humphries,DAL,N,25,315,131,38,57,95,7,7,11,13,43,115,53,44,25,0,0,NO
HumphKr01 ,2009,Kris,Humphries,TOT,N,69,1221,487,120,258,378,32,36,48,66,145,408,180,190,127,1,0,NO
HunteCh01 ,2009,Chris,Hunter,GSW,N,60,783,270,56,111,167,37,13,35,30,132,217,109,69,52,4,0,NO
HunteLi01 ,2009,Lindsey,Hunter,CHI,N,13,122,13,1,13,14,9,1,0,4,12,30,5,2,2,13,1,NO
HunteOt01 ,2009,Othello,Hunter,ATL,N,7,33,11,6,6,12,0,0,1,3,5,12,4,4,3,0,0,NO
HunteSt01 ,2009,Steven,Hunter,MEM,N,21,158,53,18,24,42,0,1,10,9,10,43,17,36,19,0,0,NO
IbakaSe01 ,2009,Serge,Ibaka,OKC,N,73,1323,461,138,259,397,10,25,97,68,194,370,201,92,58,2,1,NO
IguodAn01 ,2009,Andre,Iguodala,PHI,N,82,3192,1401,82,447,529,472,141,55,218,145,1120,496,430,315,303,94,NO
IlgauZy01 ,2009,Zydrunas,Ilgauskas,CLE,N,64,1339,474,114,231,345,48,14,50,63,183,438,194,101,75,23,11,NO
IlyasEr01 ,2009,Ersan,Ilyasova,MIL,N,81,1898,840,157,360,517,84,53,23,71,251,729,323,158,113,241,81,NO
IversAl01 ,2009,Allen,Iverson,MEM,N,3,67,37,1,3,4,11,1,0,7,5,26,15,12,6,1,1,NO
IversAl01 ,2009,Allen,Iverson,PHI,N,25,798,348,15,60,75,102,18,2,57,43,290,121,119,98,24,8,NO
IversAl01 ,2009,Allen,Iverson,TOT,N,28,865,385,16,63,79,113,19,2,64,48,316,136,131,104,25,9,NO
IveyRo01  ,2009,Royal,Ivey,TOT,N,44,326,93,6,28,34,27,19,2,11,39,83,35,12,9,35,14,NO
IveyRo01  ,2009,Royal,Ivey,PHI,N,26,236,70,5,21,26,17,10,2,5,25,55,26,7,6,24,12,NO
IveyRo01  ,2009,Royal,Ivey,MIL,N,18,90,23,1,7,8,10,9,0,6,14,28,9,5,3,11,2,NO
JackJa01  ,2009,Jarrett,Jack,TOR,N,82,2243,931,30,192,222,413,60,6,163,151,671,323,241,203,199,82,NO
JacksCe01 ,2009,Cedric,Jackson,SAS,N,3,25,7,1,3,4,6,3,2,2,2,7,2,4,3,2,0,NO
JacksCe01 ,2009,Cedric,Jackson,CLE,N,5,10,1,0,1,1,2,0,0,1,0,2,0,4,1,1,0,NO
JacksCe01 ,2009,Cedric,Jackson,TOT,N,12,74,20,2,6,8,14,3,2,11,7,20,6,12,7,6,1,NO
JacksCe01 ,2009,Cedric,Jackson,WAS,N,4,39,12,1,2,3,6,0,0,8,5,11,4,4,3,3,1,NO
JacksDa01 ,2009,Darnell,Jackson,CLE,N,27,114,21,8,12,20,4,2,4,13,19,25,8,6,4,3,1,NO
JacksDa01 ,2009,Darnell,Jackson,MIL,N,1,8,2,1,1,2,0,0,0,0,2,5,1,0,0,1,0,NO
JacksDa01 ,2009,Darnell,Jackson,TOT,N,28,122,23,9,13,22,4,2,4,13,21,30,9,6,4,4,1,NO
JacksSt02 ,2009,Stephen,Jackson,TOT,N,81,3129,1667,78,323,401,300,132,43,259,197,1418,600,434,338,393,129,NO
JacksSt02 ,2009,Stephen,Jackson,GSW,N,9,300,149,6,29,35,42,14,6,26,16,133,56,37,26,40,11,NO
JacksSt02 ,2009,Stephen,Jackson,CHR,N,72,2829,1518,72,294,366,258,118,37,233,181,1285,544,397,312,353,118,NO
JamesLe01 ,2009,LeBron,James,CLE,N,76,2966,2258,71,483,554,651,125,77,261,119,1528,768,773,593,387,129,YES
JamesMi01 ,2009,Mike,James,WAS,N,4,46,18,1,2,3,5,3,0,5,3,20,6,8,4,6,2,NO
JamisAn01 ,2009,Antawn,Jamison,WAS,N,41,1595,840,99,263,362,52,43,9,61,112,700,315,217,152,168,58,NO
JamisAn01 ,2009,Antawn,Jamison,CLE,N,25,811,395,37,156,193,32,28,12,30,67,336,163,83,42,79,27,NO
JamisAn01 ,2009,Antawn,Jamison,TOT,N,66,2406,1235,136,419,555,84,71,21,91,179,1036,478,300,194,247,85,NO
JawaiNa01 ,2009,Nathan,Jawai,MIN,N,39,412,124,49,55,104,24,10,9,27,58,111,49,38,26,1,0,NO
JeffeAl01 ,2009,Al,Jefferson,MIN,N,76,2463,1301,180,523,703,137,63,98,136,205,1125,560,266,181,4,0,NO
JeffeOt01 ,2009,Othyus,Jeffers,UTA,N,14,72,37,8,11,19,1,4,0,6,10,29,12,19,13,0,0,NO
JeffeRi01 ,2009,Richard,Jefferson,SAS,N,81,2520,994,58,298,356,158,45,40,105,178,775,362,287,211,187,59,NO
JeffrJa01 ,2009,Jared,Jeffries,NYK,N,52,1462,284,99,124,223,83,53,58,62,157,230,102,93,60,62,20,NO
JeffrJa01 ,2009,Jared,Jeffries,HOU,N,18,332,88,31,34,65,18,9,13,14,46,84,36,27,15,9,1,NO
JeffrJa01 ,2009,Jared,Jeffries,TOT,N,70,1794,372,130,158,288,101,62,71,76,203,314,138,120,75,71,21,NO
JenniBr01 ,2009,Brandon,Jennings,MIL,N,82,2671,1270,49,233,282,470,105,18,200,191,1216,451,273,223,388,145,NO
JerebJo01 ,2009,Jonas,Jerebko,DET,N,80,2232,741,194,284,478,58,79,29,82,230,603,290,176,125,115,36,NO
JianlYi01 ,2009,Yi,Jianlian,NJN,N,52,1655,623,115,257,372,47,37,52,77,170,563,227,193,154,41,15,NO
JohnsAm01 ,2009,Amir,Johnson,TOR,N,82,1453,511,154,241,395,48,44,66,63,255,334,208,149,95,4,0,NO
JohnsAn02 ,2009,Anthony,Johnson,ORL,N,31,406,130,8,40,48,63,11,1,26,32,111,49,20,19,39,13,NO
JohnsJa01 ,2009,James,Johnson,CHI,N,65,757,256,34,94,128,48,21,43,62,126,210,95,70,51,46,15,NO
JohnsJo02 ,2009,Joe,Johnson,ATL,N,76,2886,1619,74,279,353,369,82,5,145,145,1386,635,269,220,350,129,YES
JonesDa02 ,2009,Dahntay,Jones,IND,N,76,1892,776,48,181,229,150,40,39,129,237,623,287,257,198,32,4,NO
JonesDw02 ,2009,Dwayne,Jones,PHO,N,2,7,0,0,2,2,0,0,0,0,1,0,0,0,0,0,0,NO
JonesJa02 ,2009,James,Jones,MIA,N,36,503,146,4,41,45,17,11,4,11,45,119,43,28,23,90,37,NO
JonesSo01 ,2009,Solomon,Jones,IND,N,52,675,207,51,93,144,32,14,37,40,125,176,78,71,51,3,0,NO
JordaDe01 ,2009,DeAndre,Jordan,LAC,N,70,1137,336,122,230,352,21,16,62,75,152,238,144,128,48,2,0,NO
KamanCh01 ,2009,Chris,Kaman,LAC,N,76,2608,1408,184,520,704,120,37,94,223,213,1202,589,307,230,6,0,YES
KaponJa01 ,2009,Jason,Kapono,PHI,N,57,976,324,14,52,66,39,21,6,34,80,301,126,15,9,171,63,NO
KarlCo01  ,2009,Coby,Karl,GSW,N,4,108,28,4,12,16,15,3,1,6,14,32,11,6,4,11,2,NO
KarlCo01  ,2009,Coby,Karl,CLE,N,3,5,0,0,2,2,0,0,0,4,0,0,0,0,0,0,0,NO
KarlCo01  ,2009,Coby,Karl,TOT,N,7,113,28,4,14,18,15,3,1,10,14,32,11,6,4,11,2,NO
KiddJa01  ,2009,Jason,Kidd,DAL,N,80,2881,824,48,397,445,724,145,35,195,142,671,284,99,80,414,176,YES
KirilAn01 ,2009,Andrei,Kirilenko,UTA,N,58,1681,688,76,188,264,158,83,71,79,102,482,244,234,174,89,26,NO
KorveKy01 ,2009,Kyle,Korver,UTA,N,52,952,374,10,101,111,89,26,12,42,76,280,138,49,39,110,59,NO
KoufoKo01 ,2009,Kosta,Koufos,UTA,N,36,172,53,16,29,45,6,2,4,15,26,47,22,15,9,0,0,NO
KrstiNe01 ,2009,Nenad,Krstic,OKC,N,76,1741,639,134,249,383,52,32,45,58,177,560,281,106,76,5,1,NO
LafayOl01 ,2009,Oliver,Lafayette,BOS,N,1,22,7,1,3,4,2,0,0,1,0,6,3,0,0,2,1,NO
LandrCa01 ,2009,Carl,Landry,SAC,N,28,1054,504,66,116,182,26,27,17,50,88,379,197,147,109,3,1,NO
LandrCa01 ,2009,Carl,Landry,HOU,N,52,1415,839,122,164,286,40,28,46,86,146,552,302,280,235,0,0,NO
LandrCa01 ,2009,Carl,Landry,TOT,N,80,2469,1343,188,280,468,66,55,63,136,234,931,499,427,344,3,1,NO
LandrMa01 ,2009,Marcus,Landry,TOT,N,18,111,44,5,14,19,0,1,2,6,14,43,16,5,3,28,9,NO
LandrMa01 ,2009,Marcus,Landry,NYK,N,17,108,44,5,14,19,0,1,2,6,14,41,16,5,3,26,9,NO
LandrMa01 ,2009,Marcus,Landry,BOS,N,1,3,0,0,0,0,0,0,0,0,0,2,0,0,0,2,0,NO
LawAc01   ,2009,Acie,Law,CHI,N,12,135,66,3,11,14,16,4,0,12,8,45,21,27,20,12,4,NO
LawAc01   ,2009,Acie,Law,CHR,N,9,33,16,0,1,1,3,1,1,3,3,16,5,7,6,1,0,NO
LawAc01   ,2009,Acie,Law,GSW,N,5,66,31,0,2,2,7,6,0,2,5,14,9,15,12,3,1,NO
LawAc01   ,2009,Acie,Law,TOT,N,26,234,113,3,14,17,26,11,1,17,16,75,35,49,38,16,5,NO
LawsoTy01 ,2009,Ty,Lawson,DEN,N,65,1316,542,42,82,124,203,48,2,82,89,390,201,140,106,83,34,NO
LeeCo01   ,2009,Courtney,Lee,NJN,N,71,2375,885,60,192,252,121,93,20,76,130,775,338,153,133,225,76,NO
LeeDa02   ,2009,David,Lee,NYK,N,81,3019,1640,228,721,949,295,85,40,189,257,1258,686,330,268,8,0,YES
LewisRa01 ,2009,Rashard,Lewis,ORL,N,72,2369,1013,62,256,318,107,78,28,108,180,805,350,180,145,423,168,NO
LivinSh01 ,2009,Shaun,Livingston,OKC,N,10,130,10,4,16,20,14,5,2,8,9,16,5,0,0,2,0,NO
LivinSh01 ,2009,Shaun,Livingston,TOT,N,36,796,250,16,62,78,129,17,11,58,61,201,104,48,42,6,0,NO
LivinSh01 ,2009,Shaun,Livingston,WAS,N,26,666,240,12,46,58,115,12,9,50,52,185,99,48,42,4,0,NO
LopezBr01 ,2009,Brook,Lopez,NJN,N,82,3027,1542,270,439,709,187,55,139,204,251,1129,563,509,416,2,0,NO
LopezRo01 ,2009,Robin,Lopez,PHO,N,51,986,430,104,144,248,7,10,53,41,117,291,171,125,88,0,0,NO
LoveKe01  ,2009,Kevin,Love,MIN,N,60,1714,842,227,431,658,136,43,23,117,136,646,291,276,225,106,35,NO
LowryKy01 ,2009,Kyle,Lowry,HOU,N,68,1651,620,91,156,247,305,60,9,116,173,464,184,260,215,136,37,NO
MaggeCo01 ,2009,Corey,Maggette,GSW,N,70,2081,1387,92,281,373,172,52,4,168,231,886,457,551,460,50,13,NO
MagloJa01 ,2009,Jamaal,Magloire,MIA,N,36,359,77,41,80,121,1,9,11,17,59,56,28,59,21,0,0,NO
MahinIa01 ,2009,Ian,Mahinmi,SAS,N,26,165,101,13,39,52,2,3,8,15,32,55,35,47,31,0,0,NO
MarioSh01 ,2009,Shawn,Marion,DAL,N,75,2385,898,158,319,477,107,69,61,99,141,778,395,139,105,19,3,NO
MarksSe01 ,2009,Sean,Marks,NOH,N,14,75,10,14,9,23,2,0,3,2,17,8,4,5,2,0,0,NO
MartiCa01 ,2009,Cartier,Martin,GSW,N,10,276,90,17,30,47,9,8,0,13,36,88,32,21,16,31,10,NO
MartiCa01 ,2009,Cartier,Martin,TOT,N,18,390,141,25,43,68,16,11,1,19,48,136,50,30,24,49,17,NO
MartiCa01 ,2009,Cartier,Martin,WAS,N,8,114,51,8,13,21,7,3,1,6,12,48,18,9,8,18,7,NO
MartiKe01 ,2009,Kenyon,Martin,DEN,N,58,1986,667,142,404,546,109,72,61,91,186,620,283,167,93,29,8,NO
MartiKe02 ,2009,Kevin,Martin,HOU,N,24,859,510,9,61,70,54,23,2,57,45,354,154,185,171,100,31,NO
MartiKe02 ,2009,Kevin,Martin,SAC,N,22,774,436,20,74,94,57,23,4,35,51,339,135,155,127,110,39,NO
MartiKe02 ,2009,Kevin,Martin,TOT,N,46,1633,946,29,135,164,111,46,6,92,96,693,289,340,298,210,70,NO
MasonDe01 ,2009,Desmond,Mason,SAC,N,5,66,13,4,9,13,2,1,1,4,5,12,5,4,3,0,0,NO
MasonRo01 ,2009,Roger,Mason,SAS,N,79,1515,501,11,151,162,137,30,14,59,99,496,193,34,27,264,88,NO
MatthWe02 ,2009,Wesley,Matthews,UTA,N,82,2025,769,50,141,191,124,64,15,93,152,565,273,193,160,165,63,NO
MaxieJa01 ,2009,Jason,Maxiell,DET,N,76,1550,513,161,240,401,39,36,38,68,175,415,212,155,89,1,0,NO
MaynoEr01 ,2009,Eric,Maynor,OKC,N,55,906,248,11,80,91,185,27,8,57,82,235,102,39,27,47,17,NO
MaynoEr01 ,2009,Eric,Maynor,TOT,N,81,1269,382,21,108,129,266,40,10,85,115,368,154,72,52,71,22,NO
MaynoEr01 ,2009,Eric,Maynor,UTA,N,26,363,134,10,28,38,81,13,2,28,33,133,52,33,25,24,5,NO
MayoOJ01  ,2009,O.J.,Mayo,MEM,N,82,3113,1432,61,250,311,242,98,17,176,174,1183,542,262,212,355,136,NO
MaySe01   ,2009,Sean,May,SAC,N,37,331,123,20,50,70,17,12,7,19,46,111,51,32,21,4,0,NO
MbahLu01  ,2009,Luc,Mbah a Moute,MIL,N,73,1866,453,171,229,400,81,60,39,70,181,369,177,133,93,17,6,NO
MbengDJ01 ,2009,Didier,Ilunga-Mbenga,LAL,N,49,355,105,32,55,87,8,5,29,15,54,103,48,19,9,0,0,NO
McDyeAn01 ,2009,Antonio,McDyess,SAS,N,77,1617,446,149,306,455,83,43,32,79,147,428,205,57,36,2,0,NO
McGeeJa01 ,2009,JaVale,McGee,WAS,N,60,968,386,88,155,243,14,16,101,51,122,307,156,116,74,1,0,NO
McGraTr01 ,2009,Tracy,McGrady,NYK,N,24,627,226,22,67,89,93,15,12,43,38,216,84,57,43,62,15,NO
McGraTr01 ,2009,Tracy,McGrady,HOU,N,6,46,19,0,5,5,6,0,2,1,2,19,7,6,4,2,1,NO
McGraTr01 ,2009,Tracy,McGrady,TOT,N,30,673,245,22,72,94,99,15,14,44,40,235,91,63,47,64,16,NO
McGuiDo01 ,2009,Dominic,McGuire,TOT,N,51,307,38,23,56,79,11,5,4,17,35,52,19,7,0,0,0,NO
McGuiDo01 ,2009,Dominic,McGuire,SAC,N,10,67,8,6,12,18,3,1,1,7,3,12,4,2,0,0,0,NO
McGuiDo01 ,2009,Dominic,McGuire,WAS,N,41,240,30,17,44,61,8,4,3,10,32,40,15,5,0,0,0,NO
McRobJo01 ,2009,Josh,McRoberts,IND,N,42,524,179,40,87,127,44,17,16,19,74,146,76,38,19,23,8,NO
MeeksJo01 ,2009,Jodie,Meeks,MIL,N,41,486,169,5,67,72,22,13,4,20,33,177,64,21,18,82,23,NO
MeeksJo01 ,2009,Jodie,Meeks,PHI,N,19,233,112,4,23,27,17,5,1,5,19,91,40,18,13,50,19,NO
MeeksJo01 ,2009,Jodie,Meeks,TOT,N,60,719,281,9,90,99,39,18,5,25,52,268,104,39,31,132,42,NO
MensaPo01 ,2009,Pops,Mensah-Bonsu,TOT,N,20,120,39,16,19,35,3,4,9,10,20,33,13,24,13,0,0,NO
MensaPo01 ,2009,Pops,Mensah-Bonsu,TOR,N,16,107,34,15,16,31,2,3,8,10,17,29,12,18,10,0,0,NO
MensaPo01 ,2009,Pops,Mensah-Bonsu,HOU,N,4,13,5,1,3,4,1,1,1,0,3,4,1,6,3,0,0,NO
MilesCJ01 ,2009,C.J.,Miles,UTA,N,63,1497,622,42,126,168,105,58,17,81,190,562,241,95,66,217,74,NO
MilicDa01 ,2009,Darko,Milicic,MIN,N,24,614,199,42,91,133,43,18,33,33,75,187,92,28,15,1,0,NO
MilicDa01 ,2009,Darko,Milicic,NYK,N,8,71,16,5,13,18,4,4,1,2,7,17,8,0,0,0,0,NO
MilicDa01 ,2009,Darko,Milicic,TOT,N,32,685,215,47,104,151,47,22,34,35,82,204,100,28,15,1,0,NO
MilleAn02 ,2009,Andre,Miller,POR,N,82,2500,1146,81,185,266,445,93,9,173,169,908,404,392,322,80,16,NO
MilleBr01 ,2009,Brad,Miller,CHI,N,82,1950,719,83,316,399,154,44,29,107,189,581,250,220,182,132,37,NO
MilleMi01 ,2009,Mike,Miller,WAS,N,54,1805,586,55,281,336,213,39,12,115,131,433,217,85,70,171,82,NO
MillsPa01 ,2009,Paul,Millsap,UTA,N,82,2277,954,186,373,559,131,64,99,116,285,716,385,264,183,9,1,NO
MillsPa02 ,2009,Patrick,Mills,POR,N,10,38,26,1,1,2,5,0,0,4,6,24,10,7,4,4,2,NO
MohamNa01 ,2009,Nazr,Mohammed,CHR,N,58,984,459,114,190,304,28,15,43,53,105,342,189,125,81,0,0,NO
MoonJa01  ,2009,Jamario,Moon,CLE,N,61,1052,296,26,165,191,49,34,30,23,69,247,114,45,36,100,32,NO
MooreMi01 ,2009,Mikki,Moore,GSW,N,23,406,115,26,43,69,36,5,13,21,60,90,54,11,7,0,0,NO
MorriAd01 ,2009,Adam,Morrison,LAL,N,31,241,74,10,22,32,18,3,2,10,17,85,32,8,5,21,5,NO
MorriRa01 ,2009,Randolph,Morris,ATL,N,28,124,62,10,28,38,2,5,3,12,34,41,23,27,16,0,0,NO
MorroAn01 ,2009,Anthony,Morrow,GSW,N,69,2018,899,61,198,259,104,65,16,84,158,703,329,114,101,307,140,NO
MulleBy01 ,2009,Byron,Mullens,OKC,N,13,54,14,3,7,10,1,2,0,4,13,19,7,0,0,0,0,NO
MurphTr01 ,2009,Troy,Murphy,IND,N,72,2344,1050,129,608,737,150,72,34,100,175,813,384,193,154,333,128,NO
MurraRo01 ,2009,Ronald,Murray,CHR,N,46,993,454,15,83,98,84,28,12,65,77,411,160,131,93,131,41,NO
MurraRo01 ,2009,Ronald,Murray,CHI,N,29,680,292,13,72,85,51,18,4,26,49,272,108,63,48,90,28,NO
MurraRo01 ,2009,Ronald,Murray,TOT,N,75,1673,746,28,155,183,135,46,16,91,126,683,268,194,141,221,69,NO
NajerEd01 ,2009,Eduardo,Najera,TOT,N,46,685,157,34,81,115,29,26,14,25,94,146,62,24,14,64,19,NO
NajerEd01 ,2009,Eduardo,Najera,DAL,N,33,481,108,22,55,77,14,17,12,13,61,93,42,12,8,47,16,NO
NajerEd01 ,2009,Eduardo,Najera,NJN,N,13,204,49,12,26,38,15,9,2,12,33,53,20,12,6,17,3,NO
NashSt01  ,2009,Steve,Nash,PHO,N,81,2660,1333,34,234,268,892,42,12,295,108,985,499,225,211,291,124,YES
NelsoJa01 ,2009,Jameer,Nelson,ORL,N,65,1860,818,26,168,194,353,48,2,139,147,706,317,116,98,226,86,NO
NesteRa01 ,2009,Rasho,Nesterovic,TOR,N,42,413,163,37,52,89,25,10,17,16,54,149,81,5,1,0,0,NO
NoahJo01  ,2009,Joakim,Noah,CHI,N,64,1925,687,220,485,705,132,32,100,117,198,520,262,219,163,0,0,NO
NocioAn01 ,2009,Andres,Nocioni,SAC,N,75,1477,635,32,190,222,75,32,26,67,160,587,234,99,71,249,96,NO
NovakSt01 ,2009,Steve,Novak,LAC,N,54,362,113,1,32,33,6,7,2,2,21,108,42,9,7,71,22,NO
NowitDi01 ,2009,Dirk,Nowitzki,DAL,N,81,3039,2027,80,540,620,218,70,79,149,208,1496,720,586,536,121,51,YES
ObertFa01 ,2009,Fabricio,Oberto,WAS,N,57,650,83,34,71,105,51,11,9,36,121,56,35,17,13,0,0,NO
ObryaPa01 ,2009,Patrick,O'Bryant,TOR,N,11,51,19,2,9,11,1,2,4,5,12,15,8,6,3,1,0,NO
OdenGr01  ,2009,Greg,Oden,POR,N,21,502,233,64,114,178,19,8,48,39,84,152,92,64,49,0,0,NO
OdomLa01  ,2009,Lamar,Odom,LAL,N,82,2585,882,184,618,802,267,75,59,150,227,739,342,202,140,182,58,NO
OkafoEm01 ,2009,Emeka,Okafor,NOH,N,82,2370,850,251,491,742,55,54,127,111,218,656,348,274,154,0,0,NO
OkurMe01  ,2009,Mehmet,Okur,UTA,N,73,2149,988,132,383,515,119,38,81,127,223,775,355,239,196,213,82,NO
OllieKe01 ,2009,Kevin,Ollie,OKC,N,25,263,44,3,22,25,20,9,0,6,16,45,18,8,8,1,0,NO
ONeaJe01  ,2009,Jermaine,O'Neal,MIA,N,70,1991,950,124,362,486,92,25,95,125,212,745,394,225,162,2,0,NO
ONeaSh01  ,2009,Shaquille,O'Neal,CLE,N,53,1240,636,93,262,355,80,15,62,105,169,463,262,226,112,1,0,NO
OutlaTr01 ,2009,Travis,Outlaw,POR,N,11,231,109,13,25,38,8,7,8,12,13,101,38,24,21,31,12,NO
OutlaTr01 ,2009,Travis,Outlaw,LAC,N,23,499,200,20,63,83,26,11,9,20,30,180,72,35,28,74,28,NO
OutlaTr01 ,2009,Travis,Outlaw,TOT,N,34,730,309,33,88,121,34,18,17,32,43,281,110,59,49,105,40,NO
PachuZa01 ,2009,Zaza,Pachulia,ATL,N,78,1089,333,117,176,293,42,37,30,58,186,246,120,143,93,4,0,NO
PargoJa01 ,2009,Jannero,Pargo,CHI,N,63,828,344,9,69,78,89,29,2,50,68,381,132,45,42,138,38,NO
ParkeAn01 ,2009,Anthony,Parker,CLE,N,81,2289,595,30,201,231,157,63,18,71,151,475,206,95,75,261,108,NO
ParkeTo01 ,2009,Tony,Parker,SAS,N,56,1728,894,7,128,135,317,29,8,149,96,716,349,246,186,34,10,NO
PaulCh01  ,2009,Chris,Paul,NOH,N,45,1712,841,20,171,191,480,96,8,112,118,637,314,190,161,127,52,NO
PavloSa01 ,2009,Sasha,Pavlovic,MIN,N,71,877,263,12,105,117,58,23,6,53,84,300,109,26,10,118,35,NO
PecheOl01 ,2009,Oleksiy,Pecherov,MIN,N,44,447,197,32,92,124,11,9,14,32,55,188,77,32,29,52,14,NO
PendeJe02 ,2009,Jeff,Pendergraph,POR,N,39,405,104,25,73,98,1,7,16,12,76,65,43,20,18,0,0,NO
PerkiKe01 ,2009,Kendrick,Perkins,BOS,N,78,2154,791,155,440,595,80,26,132,165,219,522,314,280,163,3,0,NO
PeterMo01 ,2009,Morris,Peterson,NOH,N,46,973,327,17,109,126,42,25,5,27,81,301,116,54,33,171,62,NO
PetroJo01 ,2009,Johan,Petro,DEN,N,36,435,122,32,97,129,14,10,13,23,80,101,54,21,14,1,0,NO
PiercPa01 ,2009,Paul,Pierce,BOS,N,71,2411,1296,39,271,310,218,84,31,166,196,867,409,433,369,263,109,YES
PietrMi01 ,2009,Mickael,Pietrus,ORL,N,75,1687,651,39,176,215,49,53,31,69,138,539,233,109,69,306,116,NO
PoseyJa01 ,2009,James,Posey,NOH,N,77,1731,399,32,297,329,117,42,19,51,204,345,126,80,66,242,81,NO
PoweLe01  ,2009,Leon,Powe,CLE,N,20,236,79,19,42,61,0,6,2,11,36,49,21,63,37,0,0,NO
PowelJo01 ,2009,Josh,Powell,LAL,N,63,581,169,44,72,116,35,9,6,33,71,194,71,31,20,16,7,NO
PriceAJ01 ,2009,A.J.,Price,IND,N,56,865,410,12,76,88,106,35,3,59,53,354,145,75,60,174,60,NO
PriceRo01 ,2009,Ronnie,Price,UTA,N,60,806,255,28,46,74,123,40,13,56,109,242,98,59,41,63,18,NO
PrincTa01 ,2009,Tayshaun,Prince,DET,N,49,1664,661,71,177,248,161,34,22,60,77,580,282,98,70,73,27,NO
PrzybJo01 ,2009,Joel,Przybilla,POR,N,30,681,123,72,166,238,8,8,43,39,95,86,45,51,33,0,0,NO
QuinnCh01 ,2009,Chris,Quinn,NJN,N,25,223,56,1,15,16,29,9,1,10,15,56,20,6,6,32,10,NO
RadmaVl01 ,2009,Vladimir,Radmanovic,GSW,N,33,758,217,43,106,149,38,26,6,39,79,231,89,21,16,86,23,NO
RadmaVl01 ,2009,Vladimir,Radmanovic,CHR,N,8,133,39,8,21,29,7,3,1,5,18,42,14,6,4,22,7,NO
RadmaVl01 ,2009,Vladimir,Radmanovic,TOT,N,41,891,256,51,127,178,45,29,7,44,97,273,103,27,20,108,30,NO
RandoAn01 ,2009,Anthony,Randolph,GSW,N,33,749,384,73,142,215,42,28,51,49,92,309,137,136,109,5,1,NO
RandoSh01 ,2009,Shavlik,Randolph,POR,N,3,6,4,0,1,1,1,0,0,1,0,3,1,2,2,0,0,NO
RandoSh01 ,2009,Shavlik,Randolph,MIA,N,3,47,10,7,6,13,0,1,1,2,9,15,5,0,0,0,0,NO
RandoSh01 ,2009,Shavlik,Randolph,TOT,N,6,53,14,7,7,14,1,1,1,3,9,18,6,2,2,0,0,NO
RandoZa01 ,2009,Zach,Randolph,MEM,N,81,3051,1681,330,620,950,149,80,34,174,226,1336,652,465,362,52,15,YES
RatliTh01 ,2009,Theo,Ratliff,SAS,N,21,183,34,15,25,40,9,3,18,16,27,36,16,4,2,0,0,NO
RatliTh01 ,2009,Theo,Ratliff,CHR,N,28,624,144,44,73,117,16,9,43,25,60,116,54,46,36,0,0,NO
RatliTh01 ,2009,Theo,Ratliff,TOT,N,49,807,178,59,98,157,25,12,61,41,87,152,70,50,38,0,0,NO
ReddMi01  ,2009,Michael,Redd,MIL,N,18,492,215,11,43,54,39,19,2,15,24,213,75,66,47,60,18,NO
RedicJJ01 ,2009,J.J.,Redick,ORL,N,82,1808,788,17,138,155,158,28,4,63,118,553,243,222,191,274,111,NO
RichaCh01 ,2009,Chris,Richard,CHI,N,18,224,37,19,40,59,7,8,4,14,50,29,15,11,7,0,0,NO
RichaJa01 ,2009,Jason,Richardson,PHO,N,79,2485,1239,81,323,404,143,66,33,92,169,998,473,184,136,400,157,NO
RichaQu01 ,2009,Quentin,Richardson,MIA,N,76,2082,678,64,310,374,93,70,18,62,169,561,242,71,52,358,142,NO
RidnoLu01 ,2009,Luke,Ridnour,MIL,N,82,1759,852,24,119,143,324,54,7,106,182,686,328,140,127,181,69,NO
RobinNa01 ,2009,Nate,Robinson,NYK,N,30,733,397,23,49,72,112,27,5,53,66,336,152,54,42,136,51,NO
RobinNa01 ,2009,Nate,Robinson,BOS,N,26,382,170,5,33,38,51,22,0,20,50,157,63,13,8,87,36,NO
RobinNa01 ,2009,Nate,Robinson,TOT,N,56,1115,567,28,82,110,163,49,5,73,116,493,215,67,50,223,87,NO
RodriSe01 ,2009,Sergio,Rodriguez,TOT,N,66,1048,434,24,65,89,212,50,5,114,84,351,167,93,68,91,32,NO
RodriSe01 ,2009,Sergio,Rodriguez,NYK,N,27,531,200,9,30,39,91,21,2,55,38,161,79,31,25,49,17,NO
RodriSe01 ,2009,Sergio,Rodriguez,SAC,N,39,517,234,15,35,50,121,29,3,59,46,190,88,62,43,42,15,NO
RondoRa01 ,2009,Rajon,Rondo,BOS,N,81,2963,1110,100,260,360,794,189,11,246,198,904,459,282,175,80,17,YES
RoseDe01  ,2009,Derrick,Rose,CHI,N,78,2871,1619,65,228,293,469,57,27,217,96,1373,672,338,259,60,16,YES
RossQu01  ,2009,Quinton,Ross,DAL,N,27,301,54,11,16,27,7,7,4,3,34,56,23,8,5,13,3,NO
RossQu01  ,2009,Quinton,Ross,TOT,N,52,562,92,17,32,49,12,13,6,11,69,111,40,14,8,21,4,NO
RossQu01  ,2009,Quinton,Ross,WAS,N,25,261,38,6,16,22,5,6,2,8,35,55,17,6,3,8,1,NO
RoyBr01   ,2009,Brandon,Roy,POR,N,65,2419,1398,73,212,285,305,61,16,129,136,1038,491,440,343,221,73,NO
RushBr01  ,2009,Brandon,Rush,IND,N,82,2491,774,41,305,346,112,56,65,93,159,702,297,89,56,302,124,NO
RushKa01  ,2009,Kareem,Rush,LAC,N,7,58,9,1,5,6,4,2,3,3,8,11,4,0,0,3,1,NO
SalmoJo01 ,2009,John,Salmons,MIL,N,30,1129,596,17,79,96,98,34,4,53,65,443,207,158,137,117,45,NO
SalmoJo01 ,2009,John,Salmons,CHI,N,51,1695,649,18,156,174,125,65,22,70,101,548,230,147,116,192,73,NO
SalmoJo01 ,2009,John,Salmons,TOT,N,81,2824,1245,35,235,270,223,99,26,123,166,991,437,305,253,309,118,NO
ScalaBr01 ,2009,Brian,Scalabrine,BOS,N,52,472,78,9,39,48,27,9,4,17,59,85,29,6,4,49,16,NO
ScolaLu01 ,2009,Luis,Scola,HOU,N,82,2671,1329,175,530,705,169,63,26,163,246,1090,560,267,208,5,1,NO
SefolTh01 ,2009,Thabo,Sefolosha,OKC,N,82,2348,489,76,311,387,145,97,46,90,154,441,194,89,60,131,41,NO
SessiRa01 ,2009,Ramon,Sessions,MIN,N,82,1732,674,58,156,214,258,55,5,137,137,555,253,233,167,15,1,NO
SimmoBo01 ,2009,Bobby,Simmons,NJN,N,23,395,122,11,52,63,15,15,3,19,52,117,42,20,18,63,20,NO
SinglJa01 ,2009,James,Singleton,DAL,N,25,211,59,17,38,55,9,11,7,12,31,64,24,6,6,22,5,NO
SinglJa01 ,2009,James,Singleton,TOT,N,57,977,254,108,168,276,31,28,43,49,113,254,97,62,53,37,7,NO
SinglJa01 ,2009,James,Singleton,WAS,N,32,766,195,91,130,221,22,17,36,37,82,190,73,56,47,15,2,NO
SkinnBr01 ,2009,Brian,Skinner,LAC,N,16,123,26,9,18,27,0,3,4,7,20,25,10,8,6,0,0,NO
SmithCr01 ,2009,Craig,Smith,LAC,N,75,1232,585,97,190,287,84,33,25,88,194,397,226,208,132,5,1,NO
SmithJa02 ,2009,Jason,Smith,PHI,N,56,658,189,54,81,135,33,21,28,35,110,174,75,42,29,29,10,NO
SmithJo01 ,2009,Joe,Smith,ATL,N,64,592,194,66,91,157,21,6,19,22,95,193,77,48,39,7,1,NO
SmithJo03 ,2009,Josh,Smith,ATL,N,81,2871,1269,223,482,705,342,130,173,198,240,999,504,422,261,7,0,NO
SmithJR01 ,2009,J.R.,Smith,DEN,N,75,2076,1156,28,206,234,183,99,20,139,174,1033,428,201,142,467,158,NO
SongaDa01 ,2009,Darius,Songaila,NOH,N,75,1410,543,59,173,232,70,62,14,81,206,488,241,74,60,6,1,NO
SpeigMa01 ,2009,Marreese,Speights,PHI,N,62,1016,532,85,167,252,36,29,34,51,152,444,212,145,108,5,0,NO
StackJe01 ,2009,Jerry,Stackhouse,MIL,N,42,855,358,19,81,100,70,21,9,66,56,316,129,69,55,130,45,NO
SteveDe01 ,2009,DeShawn,Stevenson,DAL,N,24,267,49,4,22,26,12,5,1,6,23,60,17,10,7,25,8,NO
SteveDe01 ,2009,DeShawn,Stevenson,TOT,N,64,883,136,11,80,91,56,16,6,30,74,163,46,35,25,87,19,NO
SteveDe01 ,2009,DeShawn,Stevenson,WAS,N,40,616,87,7,58,65,44,11,5,24,51,103,29,25,18,62,11,NO
StojaPe01 ,2009,Peja,Stojakovic,NOH,N,62,1947,784,39,188,227,92,48,5,56,83,688,278,107,96,352,132,NO
StoudAm01 ,2009,Amare,Stoudemire,PHO,N,82,2838,1896,230,502,732,82,52,83,213,281,1264,704,632,487,6,1,YES
StuckRo01 ,2009,Rodney,Stuckey,DET,N,73,2499,1215,67,214,281,348,101,12,163,205,1109,449,359,299,79,18,NO
SummeDa01 ,2009,DaJuan,Summers,DET,N,44,405,134,14,31,45,16,8,7,16,52,130,46,38,27,42,15,NO
TayloJe02 ,2009,Jermaine,Taylor,HOU,N,31,303,128,21,25,46,16,10,3,19,15,119,45,46,33,22,5,NO
TeaguJe01 ,2009,Jeff,Teague,ATL,N,71,719,228,5,62,67,122,34,11,50,82,227,90,49,41,32,7,NO
TelfaSe01 ,2009,Sebastian,Telfair,CLE,N,4,77,39,0,4,4,12,2,0,6,6,35,16,6,5,9,2,NO
TelfaSe01 ,2009,Sebastian,Telfair,LAC,N,39,582,169,5,36,41,114,22,5,44,65,166,67,31,24,47,11,NO
TelfaSe01 ,2009,Sebastian,Telfair,TOT,N,43,659,208,5,40,45,126,24,5,50,71,201,83,37,29,56,13,NO
TemplGa01 ,2009,Garrett,Temple,HOU,N,9,118,45,2,12,14,7,4,4,14,16,29,13,24,16,12,3,NO
TemplGa01 ,2009,Garrett,Temple,SAS,N,13,193,80,3,11,14,12,8,2,11,25,64,28,21,14,23,10,NO
TemplGa01 ,2009,Garrett,Temple,SAC,N,5,23,11,1,2,3,2,1,0,2,1,8,3,5,5,2,0,NO
TemplGa01 ,2009,Garrett,Temple,TOT,N,27,334,136,6,25,31,21,13,6,27,42,101,44,50,35,37,13,NO
TerryJa01 ,2009,Jason,Terry,DAL,N,77,2540,1280,19,121,140,292,94,17,109,142,1041,456,268,232,373,136,NO
ThabeHa01 ,2009,Hasheem,Thabeet,MEM,N,68,883,208,85,158,243,11,15,89,43,162,131,77,93,54,0,0,NO
ThomaEt01 ,2009,Etan,Thomas,OKC,N,23,321,75,18,46,64,1,4,16,18,39,68,31,22,13,0,0,NO
ThomaKe01 ,2009,Kenny,Thomas,SAC,N,26,313,41,35,51,86,15,10,10,17,42,35,17,12,7,0,0,NO
ThomaKu01 ,2009,Kurt,Thomas,MIL,N,70,1049,210,84,207,291,47,26,46,48,159,208,99,15,12,0,0,NO
ThomaTi01 ,2009,Tim,Thomas,DAL,N,18,285,135,13,28,41,14,10,2,14,31,106,49,24,21,43,16,NO
ThomaTy01 ,2009,Tyrus,Thomas,CHI,N,29,678,256,42,141,183,33,40,48,52,64,205,99,90,58,1,0,NO
ThomaTy01 ,2009,Tyrus,Thomas,CHR,N,25,542,252,39,113,152,23,23,37,40,65,215,95,85,62,2,0,NO
ThomaTy01 ,2009,Tyrus,Thomas,TOT,N,54,1220,508,81,254,335,56,63,85,92,129,420,194,175,120,3,0,NO
ThompJa02 ,2009,Jason,Thompson,SAC,N,75,2357,939,224,413,637,124,41,73,139,279,784,370,277,198,10,1,NO
ThornAl01 ,2009,Al,Thornton,LAC,N,51,1405,548,85,107,192,61,25,22,66,144,460,220,139,103,14,5,NO
ThornAl01 ,2009,Al,Thornton,TOT,N,75,2079,804,116,178,294,90,45,35,102,206,676,320,211,153,31,11,NO
ThornAl01 ,2009,Al,Thornton,WAS,N,24,674,256,31,71,102,29,20,13,36,62,216,100,72,50,17,6,NO
ThornMa01 ,2009,Marcus,Thornton,NOH,N,73,1872,1057,72,139,211,113,58,11,76,127,883,398,177,144,313,117,NO
TinslJa01 ,2009,Jamaal,Tinsley,MEM,N,38,589,133,11,55,66,108,33,5,63,67,140,52,27,22,39,7,NO
TolliAn01 ,2009,Anthony,Tolliver,POR,N,2,4,0,0,1,1,0,0,0,0,1,1,0,0,0,1,0,NO
TolliAn01 ,2009,Anthony,Tolliver,GSW,N,44,1423,539,84,235,319,87,32,33,46,127,448,193,134,103,151,50,NO
TolliAn01 ,2009,Anthony,Tolliver,TOT,N,46,1427,539,84,236,320,87,32,33,46,128,449,193,134,103,152,50,NO
TuckeAl02 ,2009,Alando,Tucker,TOT,N,15,96,51,6,4,10,4,0,0,5,6,39,17,21,16,7,1,NO
TuckeAl02 ,2009,Alando,Tucker,PHO,N,11,71,43,5,2,7,3,0,0,4,5,30,13,21,16,7,1,NO
TuckeAl02 ,2009,Alando,Tucker,MIN,N,4,25,8,1,2,3,1,0,0,1,1,9,4,0,0,0,0,NO
TuriaRo01 ,2009,Ronny,Turiaf,GSW,N,42,872,207,54,137,191,90,23,54,49,98,146,85,78,37,1,0,NO
TurkoHi01 ,2009,Hedo,Turkoglu,TOR,N,74,2272,835,42,301,343,304,55,32,125,220,674,276,226,175,289,108,NO
UdokaIm01 ,2009,Ime,Udoka,SAC,N,69,944,250,51,140,191,58,34,6,42,83,241,91,57,42,91,26,NO
UdrihBe01 ,2009,Beno,Udrih,SAC,N,79,2477,1023,38,181,219,372,89,10,136,166,841,415,141,118,199,75,NO
UkicRo01  ,2009,Roko,Ukic,MIL,N,13,97,40,0,3,3,12,1,0,6,6,30,14,11,9,12,3,NO
VarejAn01 ,2009,Anderson,Varejao,CLE,N,76,2166,651,189,389,578,87,71,67,67,223,467,267,175,116,5,1,NO
VillaCh01 ,2009,Charlie,Villanueva,DET,N,78,1848,931,85,280,365,53,48,55,74,223,827,363,130,106,282,99,NO
VujacSa01 ,2009,Sasha,Vujacic,LAL,N,67,575,185,25,54,79,41,20,4,17,67,164,66,33,28,81,25,NO
WadeDw01  ,2009,Dwyane,Wade,MIA,N,77,2792,2045,107,266,373,501,142,82,252,181,1511,719,702,534,243,73,YES
WalkeBi01 ,2009,Bill,Walker,NYK,N,27,739,321,15,68,83,37,23,3,26,79,226,117,47,37,116,50,NO
WalkeBi01 ,2009,Bill,Walker,BOS,N,8,29,8,0,5,5,3,0,0,2,4,6,3,2,2,0,0,NO
WalkeBi01 ,2009,Bill,Walker,TOT,N,35,768,329,15,73,88,40,23,3,28,83,232,120,49,39,116,50,NO
WallaBe01 ,2009,Ben,Wallace,DET,N,69,1975,381,245,352,597,105,86,84,64,131,292,158,160,65,2,0,NO
WallaGe01 ,2009,Gerald,Wallace,CHR,N,76,3119,1386,150,612,762,161,117,83,178,194,943,456,544,422,140,52,YES
WallaRa01 ,2009,Rasheed,Wallace,BOS,N,79,1780,710,42,283,325,80,80,70,63,222,650,266,125,96,290,82,NO
WaltoLu01 ,2009,Luke,Walton,LAL,N,29,272,69,12,26,38,40,10,1,12,19,84,30,4,2,17,7,NO
WarriHa01 ,2009,Hakim,Warrick,MIL,N,48,1024,490,87,125,212,35,17,10,57,83,378,182,172,125,6,1,NO
WarriHa01 ,2009,Hakim,Warrick,CHI,N,28,533,243,40,62,102,17,7,8,23,43,172,83,102,77,1,0,NO
WarriHa01 ,2009,Hakim,Warrick,TOT,N,76,1557,733,127,187,314,52,24,18,80,126,550,265,274,202,7,1,NO
WatsoCJ01 ,2009,C.J.,Watson,GSW,N,65,1788,667,28,141,169,180,103,8,69,124,528,247,166,128,145,45,NO
WatsoEa01 ,2009,Earl,Watson,IND,N,79,2322,619,54,186,240,399,104,16,175,181,524,223,169,120,184,53,NO
WeaveKy01 ,2009,Kyle,Weaver,OKC,N,12,144,36,1,17,18,11,6,6,4,13,33,12,6,5,19,7,NO
WebstMa02 ,2009,Martell,Webster,POR,N,82,2005,768,47,221,268,62,45,40,60,153,639,259,155,126,332,124,NO
WeemsSo01 ,2009,Sonny,Weems,TOR,N,69,1368,518,42,150,192,101,39,25,65,126,458,236,64,44,15,2,NO
WestbRu01 ,2009,Russell,Westbrook,OKC,N,82,2813,1322,143,258,401,652,108,34,268,204,1160,485,422,329,104,23,NO
WestDa01  ,2009,David,West,NOH,N,81,2949,1541,164,441,605,239,76,60,173,233,1226,619,342,296,27,7,NO
WestDe01  ,2009,Delonte,West,CLE,N,60,1500,528,29,140,169,196,55,28,90,86,436,194,142,115,77,25,NO
WestMa02  ,2009,Mario,West,ATL,N,39,142,30,8,19,27,9,8,0,7,25,21,12,10,6,1,0,NO
WhiteDJ01 ,2009,D.J.,White,OKC,N,12,102,59,10,13,23,4,5,3,3,12,41,25,10,9,0,0,NO
WilcoCh01 ,2009,Chris,Wilcox,DET,N,34,441,152,44,73,117,13,13,12,38,64,120,63,52,26,0,0,NO
WilkiDa02 ,2009,Damien,Wilkins,MIN,N,80,1585,451,72,177,249,135,66,25,76,144,381,165,129,103,61,18,NO
WilksMi01 ,2009,Mike,Wilks,OKC,N,4,59,16,1,3,4,4,0,0,4,5,12,6,4,2,3,2,NO
WilliDe01 ,2009,Deron,Williams,UTA,N,76,2802,1419,50,253,303,798,96,16,252,208,1053,494,418,335,259,96,YES
WilliJa02 ,2009,Jason,Williams,ORL,N,82,1703,493,7,119,126,298,53,3,87,65,426,189,41,31,221,84,NO
WilliJa04 ,2009,Jawad,Williams,CLE,N,54,742,224,16,67,83,34,12,5,18,73,206,81,45,32,93,30,NO
WilliLo02 ,2009,Louis,Williams,PHI,N,64,1912,898,25,162,187,268,80,15,106,110,677,318,233,192,206,70,NO
WilliMa01 ,2009,Mo,Williams,CLE,N,69,2359,1092,28,178,206,368,70,21,173,170,855,378,198,177,371,159,NO
WilliMa02 ,2009,Marvin,Williams,ATL,N,81,2468,820,106,310,416,93,66,46,72,160,664,302,215,176,132,40,NO
WilliMa03 ,2009,Marcus,Williams,MEM,N,62,872,269,13,80,93,161,32,1,74,43,271,104,55,37,81,24,NO
WilliRe02 ,2009,Reggie,Williams,GSW,N,24,782,365,18,92,110,66,22,6,29,49,283,140,62,52,92,33,NO
WilliSe01 ,2009,Sean,Williams,NJN,N,20,227,52,21,25,46,1,8,19,20,41,49,21,19,10,1,0,NO
WilliSh03 ,2009,Shelden,Williams,BOS,N,54,597,201,47,99,146,21,13,21,30,85,121,63,98,75,1,0,NO
WilliTe01 ,2009,Terrence,Williams,NJN,N,78,1764,656,46,302,348,223,43,10,124,126,651,261,144,103,100,31,NO
WrighAn01 ,2009,Antoine,Wright,TOR,N,67,1392,435,38,152,190,71,30,11,58,134,399,162,77,53,173,58,NO
WrighDo01 ,2009,Dorell,Wright,MIA,N,72,1496,510,50,185,235,91,52,32,53,94,419,194,69,61,157,61,NO
WrighJu01 ,2009,Julian,Wright,NOH,N,68,871,259,58,86,144,41,29,18,44,45,232,116,41,25,6,2,NO
YoungNi01 ,2009,Nick,Young,WAS,N,74,1421,639,20,82,102,48,28,8,56,147,558,233,130,104,170,69,NO
YoungSa01 ,2009,Sam,Young,MEM,N,80,1321,595,77,124,201,52,34,20,94,106,497,224,175,136,56,11,NO
YoungTh01 ,2009,Thaddeus,Young,PHI,N,67,2145,926,130,220,350,97,81,15,126,133,813,382,165,114,138,48,NO
